{"cameraMode":{"drawMode":0,"name":"Shaded","section":"Shading Mode"},"sceneLighting":false,"audioPlay":false,"sceneViewState":{"showFog":true,"showMaterialUpdate":false,"showSkybox":true,"showFlares":true,"showImageEffects":true,"showParticleSystems":true},"in2DMode":false,"pivot":{"x":-4.722092151641846,"y":-13.774604797363282,"z":36.16385269165039},"rotation":{"x":0.2437572330236435,"y":-0.022976059466600419,"z":0.005762969609349966,"w":0.9695469737052918},"size":61.706912994384769,"orthographic":false}